Item,Collection,Name,Price
Hoodie,Champion Icons,Big Logo Fleece Full-Zip Hoodie,£58.00
Hoodie,Champion Icons,Big Logo Fleece Full-Zip Hoodie,£58.00
Hoodie,Champion Icons,Tonal C Logo Full Zip Hoodie,£58.00
Hoodie,Champion Icons,Tonal C Logo Full Zip Hoodie,£58.00
Hoodie,Champion Icons,Tonal Big Logo Fleece Hoodie,£52.00
Hoodie,Champion Icons,Tonal Logo Fleece Hoodie,£52.00
Hoodie,Champion Icons,Small Logo Fleece Hoodie,£52.00
Hoodie,Champion Icons,Big Logo Fleece Hoodie,£52.00
Hoodie,Champion Icons,Big Logo Fleece Hoodie,£52.00
Hoodie,Champion Icons,Small Logo Fleece Hoodie,£52.00
Hoodie,Champion Icons,Embroidered Big Script Logo Hoodie,£52.00
Hoodie,Champion Icons,Embroidered Big Script Logo Hoodie,£52.00
Hoodie,Fashion Lifestyle,Eco Future Organic Cotton Hoodie,£30.00
Hoodie,Eco Future,Eco Future Cosy Fit Hoodie,£32.50
Hoodie,Fashion Lifestyle,Eco Future Organic Cotton Hoodie,£30.00
Hoodie,Eco Future,Eco Future Cosy Fit Hoodie,£32.50
Hoodie,Eco Future,Eco Future Cosy Fit Hoodie,£32.50
Hoodie,Fashion Lifestyle,Eco Future Organic Cotton Hoodie,£30.00
Hoodie,Champion Icons,Tonal Script Logo French Terry Hoodie,£26.00
Hoodie,Champion Icons,Script Logo Cosy Fit Hoodie,£26.00
Hoodie,Champion Icons,Script Logo Cosy Fit Hoodie,£26.00
Hoodie,Eco Future,Eco Future Cosy Fit Hoodie,£32.50
Hoodie,Champion Icons,Tonal Script Logo French Terry Hoodie,£26.00
Hoodie,Fashion Lifestyle,Bookstore Embroidered Logo Hoodie,£30.00
Hoodie,Sport Lifestyle,Colour Block Medium Terry Hoodie,£30.00
Hoodie,Champion Icons,Script Logo Full-Zip French Terry Hoodie,£29.00
Hoodie,Training,Tech Full-Zip Hoodie,£30.00
Hoodie,Champion Icons,Script Logo Cosy Fit Hoodie,£26.00
Hoodie,Fashion Lifestyle,Bookstore Embroidered Logo Hoodie,£30.00
Hoodie,Training,Tech Full-Zip Hoodie,£30.00
Hoodie,Fashion Lifestyle,Bookstore Embroidered Logo Hoodie,£30.00
Hoodie,Sport Lifestyle,Colour Block Medium Terry Hoodie,£30.00
Hoodie,MLB,MLB Cosy Fit Terry Hoodie,£30.00
Hoodie,MLB,MLB Cosy Fit Terry Hoodie,£30.00
Hoodie,Champion Icons,Tonal Script Logo French Terry Hoodie,£26.00
Hoodie,Champion Icons,Tonal Script Logo French Terry Hoodie,£26.00
Hoodie,Fashion Lifestyle,Bookstore Embroidered Logo Hoodie,£30.00
Hoodie,MLB,MLB Cosy Fit Terry Hoodie,£30.00
Hoodie,Champion Icons,Embroidered Big Script Logo Hoodie,£26.00
Hoodie,Champion Icons,New Champion Logo Hoodie,£26.00
Hoodie,Fashion Lifestyle,Washed Cotton Loose Fit Hoodie,£40.00
Hoodie,Champion Icons,Embroidered Big Script Logo Hoodie,£36.40
Hoodie,Champion Icons,New Champion Logo Hoodie,£26.00
Hoodie,Fashion Lifestyle,Washed Cotton Loose Fit Hoodie,£40.00
Hoodie,Fashion Lifestyle,Striped Bookstore Logo Hoodie,£32.50
t-shirt,Fashion Lifestyle,MLB London Series Mets T-Shirt,£40.00
t-shirt,MLB LONDON SERIES,MLB London Series Phillies T-Shirt,£40.00
t-shirt,Fashion Lifestyle,MLB London Series NY Mets T-Shirt,£40.00
t-shirt,MLB LONDON SERIES,MLB London Series Phillies T-Shirt,£40.00
t-shirt,Champion Icons,Cotton Big Script Logo T-Shirt,£22.00
t-shirt,Champion Icons,Cotton Big Script Logo T-Shirt,£22.00
t-shirt,Champion Icons,Crewneck Big Script Logo T-Shirt,£22.00
t-shirt,Champion Icons,Cotton Big Script Logo T-Shirt,£22.00
t-shirt,Champion Icons,Crewneck Big Script Logo T-Shirt,£22.00
t-shirt,Champion Icons,Script Logo Comfort Fit T-Shirt,£15.40
t-shirt,Eco Future,Eco Future Cosy Fit T-Shirt,£15.00
t-shirt,Fashion Lifestyle,Bookstore Multi Logo T-Shirt,£13.00
t-shirt,Fashion Lifestyle,Bookstore Embroidered Logo T-Shirt,£13.00
t-shirt,Champion Icons,Script Logo Comfort Fit T-Shirt,£15.40
t-shirt,Eco Future,Eco Future Cosy Fit T-Shirt,£15.00
t-shirt,Champion Icons,Cotton Big Script Logo T-Shirt,£15.40
t-shirt,Fashion Lifestyle,Bookstore Logo Stripe T-Shirt,£13.00
t-shirt,Training,Reflective Ergonomic Tank Top,£12.00
t-shirt,Champion Icons,Cotton Champion Logo T-Shirt,£15.40
t-shirt,Training,Reflective Ergonomic T-Shirt,£13.00
t-shirt,Sport Lifestyle,Reflective Ergonomic T-Shirt,£13.00
t-shirt,Fashion Lifestyle,Bookstore University Crewneck T-Shirt,£13.00
t-shirt,Fashion Lifestyle,Bookstore Multi Logo T-Shirt,£13.00
t-shirt,Sport Lifestyle,Tonal Label Zip Shirt,£29.00
t-shirt,Sport Lifestyle,Tonal Label Comfort Fit T-Shirt,£12.00
t-shirt,Sport Lifestyle,Tonal Label Quick Dry Polo,£14.00
t-shirt,Fashion Lifestyle,Bookstore Embroidered Logo T-Shirt,£13.00
t-shirt,Champion Icons,Cotton Champion Logo T-Shirt,£11.00
t-shirt,Fashion Lifestyle,Bookstore Embroidered Logo T-Shirt,£13.00
t-shirt,Champion Icons,Tonal C Logo Comfort Fit T-Shirt,£15.40
t-shirt,Training,Reflective Ergonomic Tank Top,£12.00
t-shirt,Fashion Lifestyle,Bookstore University Crewneck T-Shirt,£13.00
t-shirt,MLB,MLB Cotton Shirt,£24.00
t-shirt,MLB,MLB Cosy Fit Cotton T-Shirt,£15.00
t-shirt,Champion Icons,Script Logo Hooded Tank Top,£15.40
t-shirt,MLB,MLB Cosy Fit Cotton T-Shirt,£15.00
t-shirt,Champion Icons,Tonal C Logo Comfort Fit T-Shirt,£11.00
t-shirt,MLB,MLB Cotton Shirt,£24.00
t-shirt,Fashion Lifestyle,Bookstore University Crewneck T-Shirt,£13.00
t-shirt,Champion Icons,Script Logo Comfort Fit T-Shirt,£15.40
t-shirt,Champion Icons,Tonal C Logo Comfort Fit T-Shirt,£11.00
t-shirt,MLB,MLB Cosy Fit Cotton T-Shirt,£15.00
t-shirt,Champion Icons,Script Logo Comfort Fit T-Shirt,£15.40
t-shirt,MLB,MLB Comfort Fit T-Shirt,£15.00
t-shirt,Champion Icons,Cotton Big Script Logo T-Shirt,£15.40
t-shirt,MLB,MLB Comfort Fit T-Shirt,£15.00
t-shirt,Champion Icons,Crewneck Big Script Logo T-Shirt,£15.40
t-shirt,Fashion Lifestyle,Bookstore Logo Stripe T-Shirt,£13.00
t-shirt,Champion Icons,Crewneck Big Script Logo T-Shirt,£15.40
t-shirt,Champion Icons,Cotton Big Script Logo T-Shirt,£15.40
t-shirt,Champion Icons,Cotton Champion Logo T-Shirt,£11.00
t-shirt,Champion Icons,Script Logo Hooded Tank Top,£15.40
t-shirt,Champion Icons,Tonal C Logo Comfort Fit T-Shirt,£15.40
t-shirt,Champion Icons,Tonal C Logo Comfort Fit T-Shirt,£15.40
t-shirt,Fashion Lifestyle,Bookstore University Crewneck T-Shirt,£13.00
t-shirt,Champion Icons,Cotton Champion Logo T-Shirt,£15.40
t-shirt,Champion Icons,Crewneck Big Script Logo T-Shirt,£15.40
t-shirt,Fashion Lifestyle,Washed Relaxed T-Shirt,£17.50
t-shirt,Champion Icons,Crewneck Big Script Logo T-Shirt,£15.40
t-shirt,Champion Icons,Cotton Champion Logo T-Shirt,£11.00
t-shirt,Fashion Lifestyle,Washed Relaxed T-Shirt,£17.50
t-shirt,Champion Icons,Cotton Champion Logo T-Shirt,£11.00
t-shirt,Champion Icons,Cotton Champion Logo T-Shirt,£11.00
t-shirt,Champion Icons,Script Logo Comfort Fit T-Shirt,£15.40
t-shirt,Champion Icons,Tonal C Logo Comfort Fit T-Shirt,£15.40
t-shirt,Fashion Lifestyle,Washed Pocket T-Shirt,£17.50
t-shirt,Champion Icons,Cotton Champion Logo T-Shirt,£11.00
t-shirt,Fashion Lifestyle,Washed Pocket T-Shirt,£17.50
t-shirt,Fashion Lifestyle,Washed Relaxed Graphic T-Shirt,£20.00
t-shirt,Fashion Lifestyle,Washed Relaxed Graphic T-Shirt,£20.00
t-shirt,Champion Icons,Crewneck Big Script Logo T-Shirt,£15.40
t-shirt,Fashion Lifestyle,Washed Pocket T-Shirt,£17.50
t-shirt,Fashion Lifestyle,Washed Relaxed Graphic T-Shirt,£20.00
