Item,Collection,Name,Sex,Price,Product Link
Hoodie,Champion Icons,Tonal Big Logo Fleece Hoodie,men,£52.00,https://www.championstore.com/en_gb/tonal-big-logo-fleece-hoodie-dark-grey-fw24#nosto_cmp
Hoodie,Champion Icons,Big Logo Fleece Full-Zip Hoodie,men,£58.00,https://www.championstore.com/en_gb/big-logo-fleece-full-zip-hoodie-dark-blue-fw24#nosto_cmp
Hoodie,Champion Icons,Tonal Logo Fleece Hoodie,men,£52.00,https://www.championstore.com/en_gb/tonal-logo-fleece-hoodie-light-blue-fw24#nosto_cmp
Hoodie,Champion Icons,Small Logo Fleece Hoodie,men,£52.00,https://www.championstore.com/en_gb/small-logo-fleece-hoodie-teal-blue-fw24#nosto_cmp
Hoodie,Champion Icons,Big Logo Fleece Full-Zip Hoodie,men,£58.00,https://www.championstore.com/en_gb/big-logo-fleece-full-zip-hoodie-black-fw24#nosto_cmp
Hoodie,Champion Icons,Tonal Big Logo Fleece Hoodie,men,£52.00,https://www.championstore.com/en_gb/tonal-big-logo-fleece-hoodie-military-green-fw24#nosto_cmp
Hoodie,Champion Icons,Tonal Logo Fleece Hoodie,men,£52.00,https://www.championstore.com/en_gb/tonal-logo-fleece-hoodie-orange-fw24#nosto_cmp
Hoodie,Champion Icons,Tonal C Logo Full Zip Hoodie,men,£58.00,https://www.championstore.com/en_gb/tonal-c-logo-full-zip-hoodie-black-fw24#nosto_cmp
Hoodie,Champion Icons,Small Logo Fleece Hoodie,men,£52.00,https://www.championstore.com/en_gb/small-logo-fleece-hoodie-black-fw24#nosto_cmp
Hoodie,Champion Icons,Big Logo Fleece Hoodie,men,£52.00,https://www.championstore.com/en_gb/big-logo-fleece-hoodie-dark-blue-fw24#nosto_cmp
Hoodie,Champion Icons,Tonal Big Logo Fleece Hoodie,men,£52.00,https://www.championstore.com/en_gb/tonal-big-logo-fleece-hoodies-black-fw24#nosto_cmp
Hoodie,Champion Icons,Tonal C Logo Full Zip Hoodie,men,£58.00,https://www.championstore.com/en_gb/tonal-c-logo-full-zip-hoodie-dark-grey-fw24#nosto_cmp
Hoodie,Champion Icons,Big Logo Fleece Hoodie,men,£52.00,https://www.championstore.com/en_gb/big-logo-fleece-hoodie-forest-green-fw24#nosto_cmp
Hoodie,Champion Icons,Tonal Logo Fleece Hoodie,men,£52.00,https://www.championstore.com/en_gb/tonal-logo-fleece-hoodie-off-white-fw24#nosto_cmp
Hoodie,Champion Icons,Big Logo Fleece Hoodie,men,£52.00,https://www.championstore.com/en_gb/big-logo-fleece-hoodie-light-grey-fw24#nosto_cmp
Hoodie,Champion Icons,Small Logo Fleece Hoodie,men,£52.00,https://www.championstore.com/en_gb/small-logo-fleece-hoodie-light-grey-fw24#nosto_cmp
Hoodie,Champion Icons,Embroidered Big Script Logo Hoodie,men,£52.00,https://www.championstore.com/en_gb/embroidered-big-script-logo-hoodies-light-grey-ss24#nosto_cmp
Hoodie,Champion Icons,Embroidered Big Script Logo Hoodie,men,£52.00,https://www.championstore.com/en_gb/embroidered-big-script-logo-hoodies-dark-blue-ss24#nosto_cmp
Hoodie,Fashion Lifestyle,Eco Future Organic Cotton Hoodie,men,£30.00,https://www.championstore.com/en_gb/eco-future-organic-cotton-hoodie-black-ss24#nosto_cmp
Hoodie,Eco Future,Eco Future Cosy Fit Hoodie,men,£32.50,https://www.championstore.com/en_gb/eco-future-cosy-fit-hoodie-off-white-ss24#nosto_cmp
Hoodie,Fashion Lifestyle,Eco Future Organic Cotton Hoodie,men,£30.00,https://www.championstore.com/en_gb/eco-future-organic-cotton-hoodie-off-white-ss24#nosto_cmp
Hoodie,Eco Future,Eco Future Cosy Fit Hoodie,men,£32.50,https://www.championstore.com/en_gb/eco-future-cosy-fit-hoodie-black-ss24#nosto_cmp
Hoodie,Eco Future,Eco Future Cosy Fit Hoodie,men,£32.50,https://www.championstore.com/en_gb/eco-future-cosy-fit-hoodie-lavender-ss24#nosto_cmp
Hoodie,Fashion Lifestyle,Eco Future Organic Cotton Hoodie,men,£30.00,https://www.championstore.com/en_gb/eco-future-organic-cotton-hoodie-light-blue-ss24#nosto_cmp
Hoodie,Champion Icons,Tonal Script Logo French Terry Hoodie,men,£26.00,https://www.championstore.com/en_gb/tonal-script-logo-french-terry-hoodie-cream-ss24#nosto_cmp
Hoodie,Champion Icons,Script Logo Cosy Fit Hoodie,men,£26.00,https://www.championstore.com/en_gb/script-logo-cosy-fit-hoodie-pastel-blue-ss24#nosto_cmp
Hoodie,Champion Icons,Script Logo Cosy Fit Hoodie,men,£26.00,https://www.championstore.com/en_gb/script-logo-cosy-fit-hoodie-honeydew-ss24#nosto_cmp
Hoodie,Eco Future,Eco Future Cosy Fit Hoodie,men,£32.50,https://www.championstore.com/en_gb/eco-future-cosy-fit-hoodie-light-blue-ss24#nosto_cmp
Hoodie,Champion Icons,Tonal Script Logo French Terry Hoodie,men,£26.00,https://www.championstore.com/en_gb/tonal-script-logo-french-terry-hoodie-dark-purple-ss24#nosto_cmp
Hoodie,Fashion Lifestyle,Bookstore Embroidered Logo Hoodie,men,£30.00,https://www.championstore.com/en_gb/bookstore-embroidered-logo-hoodie-teal-blue-ss24#nosto_cmp
Hoodie,Champion Icons,Script Logo Full-Zip French Terry Hoodie,men,£29.00,https://www.championstore.com/en_gb/script-logo-full-zip-french-terry-hoodie-black-ss24#nosto_cmp
Hoodie,Training,Tech Full-Zip Hoodie,men,£30.00,https://www.championstore.com/en_gb/tech-full-zip-hoodie-dark-grey-ss24#nosto_cmp
Hoodie,Champion Icons,Script Logo Cosy Fit Hoodie,men,£26.00,https://www.championstore.com/en_gb/script-logo-cosy-fit-hoodie-black-ss24#nosto_cmp
Hoodie,Fashion Lifestyle,Bookstore Embroidered Logo Hoodie,men,£30.00,https://www.championstore.com/en_gb/bookstore-embroidered-logo-hoodie-light-grey-ss24#nosto_cmp
Hoodie,Fashion Lifestyle,Bookstore Embroidered Logo Hoodie,men,£30.00,https://www.championstore.com/en_gb/bookstore-embroidered-logo-hoodie-cream-ss24#nosto_cmp
Hoodie,Training,Tech Full-Zip Hoodie,men,£30.00,https://www.championstore.com/en_gb/tech-full-zip-hoodie-white-ss24#nosto_cmp
Hoodie,MLB,MLB Cosy Fit Terry Hoodie,men,£30.00,https://www.championstore.com/en_gb/mlb-cosy-fit-terry-hoodie-light-grey-ss24#nosto_cmp
Hoodie,MLB,MLB Cosy Fit Terry Hoodie,men,£30.00,https://www.championstore.com/en_gb/mlb-cosy-fit-terry-hoodie-black-ss24#nosto_cmp
Hoodie,Sport Lifestyle,Colour Block Medium Terry Hoodie,men,£30.00,https://www.championstore.com/en_gb/colour-block-medium-terry-hoodie-black-ss24#nosto_cmp
Hoodie,Champion Icons,Tonal Script Logo French Terry Hoodie,men,£26.00,https://www.championstore.com/en_gb/tonal-script-logo-french-terry-hoodie-olive-green-ss24#nosto_cmp
Hoodie,Sport Lifestyle,Colour Block Medium Terry Hoodie,men,£30.00,https://www.championstore.com/en_gb/colour-block-medium-terry-hoodie-beige-ss24#nosto_cmp
Hoodie,Champion Icons,Tonal Script Logo French Terry Hoodie,men,£26.00,https://www.championstore.com/en_gb/tonal-script-logo-french-terry-hoodie-dark-blue-ss24#nosto_cmp
Hoodie,Fashion Lifestyle,Bookstore Embroidered Logo Hoodie,men,£30.00,https://www.championstore.com/en_gb/bookstore-embroidered-logo-hoodie-black-ss24#nosto_cmp
Hoodie,MLB,MLB Cosy Fit Terry Hoodie,men,£30.00,https://www.championstore.com/en_gb/mlb-cosy-fit-terry-hoodie-nautical-blue-ss24#nosto_cmp
Hoodie,Champion Icons,Embroidered Big Script Logo Hoodie,men,£26.00,https://www.championstore.com/en_gb/embroidered-big-script-logo-hoodie-forest-green-ss24#nosto_cmp
Hoodie,Champion Icons,New Champion Logo Hoodie,men,£26.00,https://www.championstore.com/en_gb/new-champion-logo-hoodie-black-ss24#nosto_cmp
Hoodie,Champion Icons,Embroidered Big Script Logo Hoodie,men,£36.40,https://www.championstore.com/en_gb/embroidered-big-script-logo-hoodie-light-blue-ss24#nosto_cmp
Hoodie,Fashion Lifestyle,Washed Cotton Loose Fit Hoodie,men,£40.00,https://www.championstore.com/en_gb/washed-cotton-loose-fit-hoodie-black-ss24#nosto_cmp
Hoodie,Fashion Lifestyle,Striped Bookstore Logo Hoodie,men,£32.50,https://www.championstore.com/en_gb/striped-bookstore-logo-hoodie-cream-ss24#nosto_cmp
Hoodie,Champion Icons,New Champion Logo Hoodie,men,£26.00,https://www.championstore.com/en_gb/new-champion-logo-hoodie-white-ss24#nosto_cmp
Hoodie,Fashion Lifestyle,Washed Cotton Loose Fit Hoodie,men,£40.00,https://www.championstore.com/en_gb/washed-cotton-loose-fit-hoodie-white-ss24#nosto_cmp
T-shirt,Fashion Lifestyle,MLB London Series Mets T-Shirt,men,£40.00,https://www.championstore.com/en_gb/mlb-london-series-mets-t-shirt-dark-blue-ss24#nosto_cmp
T-shirt,Fashion Lifestyle,MLB London Series NY Mets T-Shirt,men,£40.00,https://www.championstore.com/en_gb/mlb-london-series-ny-mets-t-shirt-light-grey-ss24#nosto_cmp
T-shirt,MLB LONDON SERIES,MLB London Series Phillies T-Shirt,men,£40.00,https://www.championstore.com/en_gb/mlb-london-series-phillies-t-shirt-black-ss24#nosto_cmp
T-shirt,MLB LONDON SERIES,MLB London Series Phillies T-Shirt,men,£40.00,https://www.championstore.com/en_gb/mlb-london-series-phillies-t-shirt-white-ss24#nosto_cmp
T-shirt,Champion Icons,Cotton Big Script Logo T-Shirt,men,£22.00,https://www.championstore.com/en_gb/cotton-big-script-logo-t-shirt-white-ss24#nosto_cmp
T-shirt,Champion Icons,Crewneck Big Script Logo T-Shirt,men,£22.00,https://www.championstore.com/en_gb/crewneck-big-script-logo-t-shirt-light-grey-ss24#nosto_cmp
T-shirt,Champion Icons,Cotton Big Script Logo T-Shirt,men,£22.00,https://www.championstore.com/en_gb/cotton-big-script-logo-t-shirt-black-ss24#nosto_cmp
T-shirt,Champion Icons,Cotton Big Script Logo T-Shirt,men,£22.00,https://www.championstore.com/en_gb/cotton-big-script-logo-t-shirt-dark-blue-ss24#nosto_cmp
T-shirt,Champion Icons,Crewneck Big Script Logo T-Shirt,men,£22.00,https://www.championstore.com/en_gb/crewneck-big-script-logo-t-shirt-black-ss24#nosto_cmp
T-shirt,Champion Icons,Script Logo Comfort Fit T-Shirt,men,£15.40,https://www.championstore.com/en_gb/script-logo-comfort-fit-t-shirt-dark-purple-ss24#nosto_cmp
T-shirt,Fashion Lifestyle,Bookstore Multi Logo T-Shirt,men,£13.00,https://www.championstore.com/en_gb/bookstore-multi-logo-t-shirt-teal-blue-ss24#nosto_cmp
T-shirt,Eco Future,Eco Future Cosy Fit T-Shirt,men,£15.00,https://www.championstore.com/en_gb/eco-future-cosy-fit-t-shirt-lavender-ss24#nosto_cmp
T-shirt,Fashion Lifestyle,Bookstore Embroidered Logo T-Shirt,men,£13.00,https://www.championstore.com/en_gb/bookstore-embroidered-logo-t-shirt-black-ss24#nosto_cmp
T-shirt,Champion Icons,Script Logo Comfort Fit T-Shirt,men,£15.40,https://www.championstore.com/en_gb/script-logo-comfort-fit-t-shirt-military-green-ss24#nosto_cmp
T-shirt,Eco Future,Eco Future Cosy Fit T-Shirt,men,£15.00,https://www.championstore.com/en_gb/eco-future-cosy-fit-t-shirt-light-blue-ss24#nosto_cmp
T-shirt,Champion Icons,Cotton Big Script Logo T-Shirt,men,£15.40,https://www.championstore.com/en_gb/cotton-big-script-logo-t-shirt-bright-green-ss24#nosto_cmp
T-shirt,Fashion Lifestyle,Bookstore Logo Stripe T-Shirt,men,£13.00,https://www.championstore.com/en_gb/bookstore-logo-stripe-t-shirt-haute-red-ss24#nosto_cmp
T-shirt,Training,Reflective Ergonomic Tank Top,men,£12.00,https://www.championstore.com/en_gb/reflective-ergonomic-tank-top-black-ss24#nosto_cmp
T-shirt,Champion Icons,Cotton Champion Logo T-Shirt,men,£15.40,https://www.championstore.com/en_gb/cotton-champion-logo-t-shirt-buttercup-yellow-ss24#nosto_cmp
T-shirt,Training,Reflective Ergonomic T-Shirt,men,£13.00,https://www.championstore.com/en_gb/reflective-ergonomic-t-shirt-white-ss24#nosto_cmp
T-shirt,Sport Lifestyle,Reflective Ergonomic T-Shirt,men,£13.00,https://www.championstore.com/en_gb/reflective-ergonomic-t-shirt-black-ss24#nosto_cmp
T-shirt,Champion Icons,Cotton Champion Logo T-Shirt,men,£11.00,https://www.championstore.com/en_gb/cotton-champion-logo-t-shirt-bright-green-ss24#nosto_cmp
T-shirt,Fashion Lifestyle,Bookstore University Crewneck T-Shirt,men,£13.00,https://www.championstore.com/en_gb/bookstore-university-crewneck-t-shirts-black-ss24#nosto_cmp
T-shirt,Fashion Lifestyle,Bookstore Multi Logo T-Shirt,men,£13.00,https://www.championstore.com/en_gb/bookstore-multi-logo-t-shirt-dark-blue-ss24#nosto_cmp
T-shirt,Sport Lifestyle,Tonal Label Comfort Fit T-Shirt,men,£12.00,https://www.championstore.com/en_gb/tonal-label-comfort-fit-t-shirt-black-ss24#nosto_cmp
T-shirt,Sport Lifestyle,Tonal Label Zip Shirt,men,£29.00,https://www.championstore.com/en_gb/tonal-label-zip-shirt-beige-ss24#nosto_cmp
T-shirt,Sport Lifestyle,Tonal Label Quick Dry Polo,men,£14.00,https://www.championstore.com/en_gb/tonal-label-quick-dry-polo-dark-grey-ss24#nosto_cmp
T-shirt,Fashion Lifestyle,Bookstore Embroidered Logo T-Shirt,men,£13.00,https://www.championstore.com/en_gb/bookstore-embroidered-logo-t-shirt-light-grey-ss24#nosto_cmp
T-shirt,Fashion Lifestyle,Bookstore Embroidered Logo T-Shirt,men,£13.00,https://www.championstore.com/en_gb/bookstore-embroidered-logo-t-shirt-cream-ss24#nosto_cmp
T-shirt,Champion Icons,Tonal C Logo Comfort Fit T-Shirt,men,£15.40,https://www.championstore.com/en_gb/tonal-c-logo-comfort-fit-t-shirt-honeydew-ss24#nosto_cmp
T-shirt,Training,Reflective Ergonomic Tank Top,men,£12.00,https://www.championstore.com/en_gb/reflective-ergonomic-tank-top-white-ss24#nosto_cmp
T-shirt,Fashion Lifestyle,Bookstore University Crewneck T-Shirt,men,£13.00,https://www.championstore.com/en_gb/bookstore-university-crewneck-t-shirt-black-ss24#nosto_cmp
T-shirt,Champion Icons,Script Logo Hooded Tank Top,men,£15.40,https://www.championstore.com/en_gb/script-logo-hooded-tank-top-black-ss24#nosto_cmp
T-shirt,MLB,MLB Cosy Fit Cotton T-Shirt,men,£15.00,https://www.championstore.com/en_gb/mlb-cosy-fit-cotton-t-shirt-red-ss24#nosto_cmp
T-shirt,MLB,MLB Cosy Fit Cotton T-Shirt,men,£15.00,https://www.championstore.com/en_gb/mlb-cosy-fit-cotton-t-shirt-white-ss24#nosto_cmp
T-shirt,Champion Icons,Tonal C Logo Comfort Fit T-Shirt,men,£11.00,https://www.championstore.com/en_gb/tonal-c-logo-comfort-fit-t-shirt-cream-ss24#nosto_cmp
T-shirt,MLB,MLB Cotton Shirt,men,£24.00,https://www.championstore.com/en_gb/mlb-cotton-shirt-dark-blue-ss24#nosto_cmp
T-shirt,Champion Icons,Tonal C Logo Comfort Fit T-Shirt,men,£11.00,https://www.championstore.com/en_gb/tonal-c-logo-comfort-fit-t-shirt-dark-blue-ss24#nosto_cmp
T-shirt,Champion Icons,Script Logo Comfort Fit T-Shirt,men,£15.40,https://www.championstore.com/en_gb/script-logo-comfort-fit-t-shirt-white-ss24#nosto_cmp
T-shirt,Champion Icons,Script Logo Comfort Fit T-Shirt,men,£15.40,https://www.championstore.com/en_gb/script-logo-comfort-fit-t-shirt-black-ss24#nosto_cmp
T-shirt,Fashion Lifestyle,Bookstore University Crewneck T-Shirt,men,£13.00,https://www.championstore.com/en_gb/bookstore-university-crewneck-t-shirt-peach-ss24#nosto_cmp
T-shirt,MLB,MLB Cosy Fit Cotton T-Shirt,men,£15.00,https://www.championstore.com/en_gb/mlb-cosy-fit-cotton-t-shirt-light-grey-ss24#nosto_cmp
T-shirt,MLB,MLB Comfort Fit T-Shirt,men,£15.00,https://www.championstore.com/en_gb/mlb-comfort-fit-t-shirt-black-ss24#nosto_cmp
T-shirt,Champion Icons,Cotton Big Script Logo T-Shirt,men,£15.40,https://www.championstore.com/en_gb/cotton-big-script-logo-t-shirt-beige-ss24#nosto_cmp
T-shirt,MLB,MLB Comfort Fit T-Shirt,men,£15.00,https://www.championstore.com/en_gb/mlb-comfort-fit-t-shirt-nautical-blue-ss24#nosto_cmp
T-shirt,Champion Icons,Crewneck Big Script Logo T-Shirt,men,£15.40,https://www.championstore.com/en_gb/crewneck-big-script-logo-t-shirt-red-ss24#nosto_cmp
T-shirt,Fashion Lifestyle,Bookstore Logo Stripe T-Shirt,men,£13.00,https://www.championstore.com/en_gb/bookstore-logo-stripe-t-shirt-teal-blue-ss24#nosto_cmp
T-shirt,Champion Icons,Crewneck Big Script Logo T-Shirt,men,£15.40,https://www.championstore.com/en_gb/crewneck-big-script-logo-t-shirt-forest-green-ss24#nosto_cmp
T-shirt,Fashion Lifestyle,Bookstore University Crewneck T-Shirt,men,£13.00,https://www.championstore.com/en_gb/bookstore-university-crewneck-t-shirt-white-ss24#nosto_cmp
T-shirt,Champion Icons,Cotton Big Script Logo T-Shirt,men,£15.40,https://www.championstore.com/en_gb/cotton-big-script-logo-t-shirt-forest-green-ss24#nosto_cmp
T-shirt,Champion Icons,Cotton Champion Logo T-Shirt,men,£11.00,https://www.championstore.com/en_gb/cotton-champion-logo-t-shirt-white-ss24#nosto_cmp
T-shirt,Champion Icons,Tonal C Logo Comfort Fit T-Shirt,men,£15.40,https://www.championstore.com/en_gb/tonal-c-logo-comfort-fit-t-shirt-pastel-blue-ss24#nosto_cmp
T-shirt,Champion Icons,Script Logo Hooded Tank Top,men,£15.40,https://www.championstore.com/en_gb/script-logo-hooded-tank-top-white-ss24#nosto_cmp
T-shirt,Champion Icons,Crewneck Big Script Logo T-Shirt,men,£15.40,https://www.championstore.com/en_gb/crewneck-big-script-logo-t-shirt-beige-ss24#nosto_cmp
T-shirt,Champion Icons,Tonal C Logo Comfort Fit T-Shirt,men,£15.40,https://www.championstore.com/en_gb/tonal-c-logo-comfort-fit-t-shirt-black-ss24#nosto_cmp
T-shirt,Champion Icons,Cotton Champion Logo T-Shirt,men,£15.40,https://www.championstore.com/en_gb/cotton-champion-logo-t-shirt-peach-ss24#nosto_cmp
T-shirt,Champion Icons,Cotton Champion Logo T-Shirt,men,£11.00,https://www.championstore.com/en_gb/cotton-champion-logo-t-shirt-light-grey-ss24#nosto_cmp
T-shirt,Champion Icons,Crewneck Big Script Logo T-Shirt,men,£15.40,https://www.championstore.com/en_gb/crewneck-big-script-logo-t-shirt-light-blue-ss24#nosto_cmp
T-shirt,Fashion Lifestyle,Washed Relaxed T-Shirt,men,£17.50,https://www.championstore.com/en_gb/washed-relaxed-t-shirt-white-ss24#nosto_cmp
T-shirt,Champion Icons,Cotton Champion Logo T-Shirt,men,£11.00,https://www.championstore.com/en_gb/cotton-champion-logo-t-shirt-nautical-blue-ss24#nosto_cmp
T-shirt,Champion Icons,Cotton Champion Logo T-Shirt,men,£11.00,https://www.championstore.com/en_gb/cotton-champion-logo-t-shirt-dark-blue-ss24#nosto_cmp
T-shirt,Champion Icons,Cotton Champion Logo T-Shirt,men,£11.00,https://www.championstore.com/en_gb/cotton-champion-logo-t-shirt-black-ss24#nosto_cmp
T-shirt,Fashion Lifestyle,Washed Relaxed T-Shirt,men,£17.50,https://www.championstore.com/en_gb/washed-relaxed-t-shirt-brown-ss24#nosto_cmp
T-shirt,Champion Icons,Script Logo Comfort Fit T-Shirt,men,£15.40,https://www.championstore.com/en_gb/script-logo-comfort-fit-t-shirt-olive-green-ss24#nosto_cmp
T-shirt,Fashion Lifestyle,Washed Pocket T-Shirt,men,£17.50,https://www.championstore.com/en_gb/washed-pocket-t-shirt-white-ss24#nosto_cmp
T-shirt,Champion Icons,Tonal C Logo Comfort Fit T-Shirt,men,£15.40,https://www.championstore.com/en_gb/tonal-c-logo-comfort-fit-t-shirt-gold-ss24#nosto_cmp
T-shirt,Fashion Lifestyle,Washed Pocket T-Shirt,men,£17.50,https://www.championstore.com/en_gb/washed-pocket-t-shirt-black-ss24#nosto_cmp
T-shirt,Champion Icons,Crewneck Big Script Logo T-Shirt,men,£15.40,https://www.championstore.com/en_gb/crewneck-big-script-logo-t-shirt-nautical-blue-ss24#nosto_cmp
T-shirt,Fashion Lifestyle,Washed Relaxed Graphic T-Shirt,men,£20.00,https://www.championstore.com/en_gb/washed-relaxed-graphic-t-shirt-black-ss24#nosto_cmp
T-shirt,Fashion Lifestyle,Washed Relaxed Graphic T-Shirt,men,£20.00,https://www.championstore.com/en_gb/washed-relaxed-graphic-t-shirt-white-ss24#nosto_cmp
T-shirt,Fashion Lifestyle,Washed Pocket T-Shirt,men,£17.50,https://www.championstore.com/en_gb/washed-pocket-t-shirt-beige-ss24#nosto_cmp
T-shirt,Fashion Lifestyle,Washed Relaxed Graphic T-Shirt,men,£20.00,https://www.championstore.com/en_gb/washed-relaxed-graphic-t-shirt-beige-ss24#nosto_cmp
Hoodie,Champion Icons,Tonal Big Logo Fleece Hoodie,women,£52.00,https://www.championstore.com/en_gb/tonal-big-logo-fleece-hoodie-dark-grey-fw24#nosto_cmp
Hoodie,Champion Icons,Big Logo Fleece Full-Zip Hoodie,women,£58.00,https://www.championstore.com/en_gb/big-logo-fleece-full-zip-hoodie-dark-blue-fw24#nosto_cmp
Hoodie,Champion Icons,Tonal Logo Fleece Hoodie,women,£52.00,https://www.championstore.com/en_gb/tonal-logo-fleece-hoodie-light-blue-fw24#nosto_cmp
Hoodie,Champion Icons,Small Logo Fleece Hoodie,women,£52.00,https://www.championstore.com/en_gb/small-logo-fleece-hoodie-teal-blue-fw24#nosto_cmp
Hoodie,Champion Icons,Big Logo Fleece Full-Zip Hoodie,women,£58.00,https://www.championstore.com/en_gb/big-logo-fleece-full-zip-hoodie-black-fw24#nosto_cmp
Hoodie,Champion Icons,Tonal Big Logo Fleece Hoodie,women,£52.00,https://www.championstore.com/en_gb/tonal-big-logo-fleece-hoodie-military-green-fw24#nosto_cmp
Hoodie,Champion Icons,Tonal Logo Fleece Hoodie,women,£52.00,https://www.championstore.com/en_gb/tonal-logo-fleece-hoodie-orange-fw24#nosto_cmp
Hoodie,Champion Icons,Tonal C Logo Full Zip Hoodie,women,£58.00,https://www.championstore.com/en_gb/tonal-c-logo-full-zip-hoodie-black-fw24#nosto_cmp
Hoodie,Champion Icons,Small Logo Fleece Hoodie,women,£52.00,https://www.championstore.com/en_gb/small-logo-fleece-hoodie-black-fw24#nosto_cmp
Hoodie,Champion Icons,Big Logo Fleece Hoodie,women,£52.00,https://www.championstore.com/en_gb/big-logo-fleece-hoodie-dark-blue-fw24#nosto_cmp
Hoodie,Champion Icons,Tonal Big Logo Fleece Hoodie,women,£52.00,https://www.championstore.com/en_gb/tonal-big-logo-fleece-hoodies-black-fw24#nosto_cmp
Hoodie,Champion Icons,Tonal C Logo Full Zip Hoodie,women,£58.00,https://www.championstore.com/en_gb/tonal-c-logo-full-zip-hoodie-dark-grey-fw24#nosto_cmp
Hoodie,Champion Icons,Big Logo Fleece Hoodie,women,£52.00,https://www.championstore.com/en_gb/big-logo-fleece-hoodie-forest-green-fw24#nosto_cmp
Hoodie,Champion Icons,Tonal Logo Fleece Hoodie,women,£52.00,https://www.championstore.com/en_gb/tonal-logo-fleece-hoodie-off-white-fw24#nosto_cmp
Hoodie,Champion Icons,Big Logo Fleece Hoodie,women,£52.00,https://www.championstore.com/en_gb/big-logo-fleece-hoodie-light-grey-fw24#nosto_cmp
Hoodie,Champion Icons,Small Logo Fleece Hoodie,women,£52.00,https://www.championstore.com/en_gb/small-logo-fleece-hoodie-light-grey-fw24#nosto_cmp
Hoodie,Champion Icons,Embroidered Big Script Logo Hoodie,women,£52.00,https://www.championstore.com/en_gb/embroidered-big-script-logo-hoodies-light-grey-ss24#nosto_cmp
Hoodie,Champion Icons,Embroidered Big Script Logo Hoodie,women,£52.00,https://www.championstore.com/en_gb/embroidered-big-script-logo-hoodies-dark-blue-ss24#nosto_cmp
Hoodie,Fashion Lifestyle,Eco Future Organic Cotton Hoodie,women,£30.00,https://www.championstore.com/en_gb/eco-future-organic-cotton-hoodie-black-ss24#nosto_cmp
Hoodie,Eco Future,Eco Future Cosy Fit Hoodie,women,£32.50,https://www.championstore.com/en_gb/eco-future-cosy-fit-hoodie-off-white-ss24#nosto_cmp
Hoodie,Fashion Lifestyle,Eco Future Organic Cotton Hoodie,women,£30.00,https://www.championstore.com/en_gb/eco-future-organic-cotton-hoodie-off-white-ss24#nosto_cmp
Hoodie,Eco Future,Eco Future Cosy Fit Hoodie,women,£32.50,https://www.championstore.com/en_gb/eco-future-cosy-fit-hoodie-black-ss24#nosto_cmp
Hoodie,Eco Future,Eco Future Cosy Fit Hoodie,women,£32.50,https://www.championstore.com/en_gb/eco-future-cosy-fit-hoodie-lavender-ss24#nosto_cmp
Hoodie,Fashion Lifestyle,Eco Future Organic Cotton Hoodie,women,£30.00,https://www.championstore.com/en_gb/eco-future-organic-cotton-hoodie-light-blue-ss24#nosto_cmp
Hoodie,Champion Icons,Tonal Script Logo French Terry Hoodie,women,£26.00,https://www.championstore.com/en_gb/tonal-script-logo-french-terry-hoodie-cream-ss24#nosto_cmp
Hoodie,Champion Icons,Script Logo Cosy Fit Hoodie,women,£26.00,https://www.championstore.com/en_gb/script-logo-cosy-fit-hoodie-pastel-blue-ss24#nosto_cmp
Hoodie,Champion Icons,Script Logo Cosy Fit Hoodie,women,£26.00,https://www.championstore.com/en_gb/script-logo-cosy-fit-hoodie-honeydew-ss24#nosto_cmp
Hoodie,Eco Future,Eco Future Cosy Fit Hoodie,women,£32.50,https://www.championstore.com/en_gb/eco-future-cosy-fit-hoodie-light-blue-ss24#nosto_cmp
Hoodie,Champion Icons,Tonal Script Logo French Terry Hoodie,women,£26.00,https://www.championstore.com/en_gb/tonal-script-logo-french-terry-hoodie-dark-purple-ss24#nosto_cmp
Hoodie,Fashion Lifestyle,Bookstore Embroidered Logo Hoodie,women,£30.00,https://www.championstore.com/en_gb/bookstore-embroidered-logo-hoodie-teal-blue-ss24#nosto_cmp
Hoodie,Champion Icons,Script Logo Full-Zip French Terry Hoodie,women,£29.00,https://www.championstore.com/en_gb/script-logo-full-zip-french-terry-hoodie-black-ss24#nosto_cmp
Hoodie,Training,Tech Full-Zip Hoodie,women,£30.00,https://www.championstore.com/en_gb/tech-full-zip-hoodie-dark-grey-ss24#nosto_cmp
Hoodie,Champion Icons,Script Logo Cosy Fit Hoodie,women,£26.00,https://www.championstore.com/en_gb/script-logo-cosy-fit-hoodie-black-ss24#nosto_cmp
Hoodie,Fashion Lifestyle,Bookstore Embroidered Logo Hoodie,women,£30.00,https://www.championstore.com/en_gb/bookstore-embroidered-logo-hoodie-light-grey-ss24#nosto_cmp
Hoodie,Fashion Lifestyle,Bookstore Embroidered Logo Hoodie,women,£30.00,https://www.championstore.com/en_gb/bookstore-embroidered-logo-hoodie-cream-ss24#nosto_cmp
Hoodie,Training,Tech Full-Zip Hoodie,women,£30.00,https://www.championstore.com/en_gb/tech-full-zip-hoodie-white-ss24#nosto_cmp
Hoodie,MLB,MLB Cosy Fit Terry Hoodie,women,£30.00,https://www.championstore.com/en_gb/mlb-cosy-fit-terry-hoodie-light-grey-ss24#nosto_cmp
Hoodie,MLB,MLB Cosy Fit Terry Hoodie,women,£30.00,https://www.championstore.com/en_gb/mlb-cosy-fit-terry-hoodie-black-ss24#nosto_cmp
Hoodie,Sport Lifestyle,Colour Block Medium Terry Hoodie,women,£30.00,https://www.championstore.com/en_gb/colour-block-medium-terry-hoodie-black-ss24#nosto_cmp
Hoodie,Champion Icons,Tonal Script Logo French Terry Hoodie,women,£26.00,https://www.championstore.com/en_gb/tonal-script-logo-french-terry-hoodie-olive-green-ss24#nosto_cmp
Hoodie,Sport Lifestyle,Colour Block Medium Terry Hoodie,women,£30.00,https://www.championstore.com/en_gb/colour-block-medium-terry-hoodie-beige-ss24#nosto_cmp
Hoodie,Champion Icons,Tonal Script Logo French Terry Hoodie,women,£26.00,https://www.championstore.com/en_gb/tonal-script-logo-french-terry-hoodie-dark-blue-ss24#nosto_cmp
Hoodie,Fashion Lifestyle,Bookstore Embroidered Logo Hoodie,women,£30.00,https://www.championstore.com/en_gb/bookstore-embroidered-logo-hoodie-black-ss24#nosto_cmp
Hoodie,MLB,MLB Cosy Fit Terry Hoodie,women,£30.00,https://www.championstore.com/en_gb/mlb-cosy-fit-terry-hoodie-nautical-blue-ss24#nosto_cmp
Hoodie,Champion Icons,Embroidered Big Script Logo Hoodie,women,£26.00,https://www.championstore.com/en_gb/embroidered-big-script-logo-hoodie-forest-green-ss24#nosto_cmp
Hoodie,Champion Icons,New Champion Logo Hoodie,women,£26.00,https://www.championstore.com/en_gb/new-champion-logo-hoodie-black-ss24#nosto_cmp
Hoodie,Champion Icons,Embroidered Big Script Logo Hoodie,women,£36.40,https://www.championstore.com/en_gb/embroidered-big-script-logo-hoodie-light-blue-ss24#nosto_cmp
Hoodie,Fashion Lifestyle,Washed Cotton Loose Fit Hoodie,women,£40.00,https://www.championstore.com/en_gb/washed-cotton-loose-fit-hoodie-black-ss24#nosto_cmp
T-shirt,Sport Lifestyle,Seamless Base Layer Top,women,£35.00,https://www.championstore.com/en_gb/seamless-base-layer-top-black-fw24#nosto_cmp
T-shirt,Champion Icons,Tonal Logo Shirt,women,£60.00,https://www.championstore.com/en_gb/tonal-logo-shirt-black-fw24#nosto_cmp
T-shirt,Champion Icons,Tonal Logo Shirt,women,£60.00,https://www.championstore.com/en_gb/tonal-logo-shirt-light-grey-fw24#nosto_cmp
T-shirt,Champion Icons,Small Script Logo Crewneck T-Shirt,women,£22.00,https://www.championstore.com/en_gb/small-script-logo-crewneck-t-shirt-black-ss24#nosto_cmp
T-shirt,Champion Icons,Big Script Logo Crewneck T-Shirt,women,£22.00,https://www.championstore.com/en_gb/big-script-logo-crewneck-t-shirt-light-grey-ss24#nosto_cmp
T-shirt,Champion Icons,Big Script Logo Crewneck T-Shirt,women,£22.00,https://www.championstore.com/en_gb/big-script-logo-crewneck-t-shirt-dark-blue-ss24#nosto_cmp
T-shirt,Champion Icons,Small Script Logo Crewneck T-Shirt,women,£22.00,https://www.championstore.com/en_gb/small-script-logo-crewneck-t-shirt-white-ss24#nosto_cmp
T-shirt,Champion Icons,Big Script Logo Crewneck T-Shirt,women,£22.00,https://www.championstore.com/en_gb/big-script-logo-crewneck-t-shirt-white-ss24#nosto_cmp
T-shirt,Champion Icons,Big Script Logo Crewneck T-Shirt,women,£22.00,https://www.championstore.com/en_gb/big-script-logo-crewneck-t-shirt-black-ss24#nosto_cmp
T-shirt,Champion Icons,Small Script Logo Crewneck T-Shirt,women,£22.00,https://www.championstore.com/en_gb/small-script-logo-crewneck-t-shirt-dark-blue-ss24#nosto_cmp
T-shirt,Eco Future,Eco Future Oversized T-Shirt,women,£15.00,https://www.championstore.com/en_gb/eco-future-oversized-t-shirt-light-grey-ss24#nosto_cmp
T-shirt,Fashion Lifestyle,Cropped Cotton Tank Top,women,£13.00,https://www.championstore.com/en_gb/cropped-cotton-tank-top-dark-grey-ss24#nosto_cmp
T-shirt,Champion Icons,Heart Print Cotton T-Shirt,women,£12.00,https://www.championstore.com/en_gb/heart-print-cotton-t-shirt-pink-ss24#nosto_cmp
T-shirt,Champion Icons,Colourful Bookstore Logo T-Shirt,women,£11.50,https://www.championstore.com/en_gb/colourful-bookstore-logo-t-shirt-black-ss24#nosto_cmp
T-shirt,Fashion Lifestyle,Jacquard Light Cotton Shirt,women,£29.00,https://www.championstore.com/en_gb/jacquard-light-cotton-shirt-white-ss24#nosto_cmp
T-shirt,Champion Icons,C Logo Scoop Neck T-Shirt,women,£12.00,https://www.championstore.com/en_gb/c-logo-scoop-neck-t-shirt-white-ss24#nosto_cmp
T-shirt,Champion Icons,Love Print Oversized T-Shirt,women,£12.00,https://www.championstore.com/en_gb/love-print-oversized-t-shirt-white-ss24#nosto_cmp
T-shirt,Eco Future,Eco Relaxed Fit T-Shirt,women,£15.00,https://www.championstore.com/en_gb/eco-relaxed-fit-t-shirt-purple-sage-ss24#nosto_cmp
T-shirt,Eco Future,Eco Future Slim Organic T-Shirt,women,£13.00,https://www.championstore.com/en_gb/eco-future-slim-organic-t-shirt-cream-ss24#nosto_cmp
T-shirt,Fashion Lifestyle,Cropped Cotton Tank Top,women,£13.00,https://www.championstore.com/en_gb/cropped-cotton-tank-top-white-ss24#nosto_cmp
T-shirt,Eco Future,Eco Future Oversized T-Shirt,women,£15.00,https://www.championstore.com/en_gb/eco-future-oversized-t-shirt-purple-sage-ss24#nosto_cmp
T-shirt,Fashion Lifestyle,NYC Cropped Long-Sleeve T-Shirt,women,£15.00,https://www.championstore.com/en_gb/nyc-cropped-long-sleeve-t-shirt-white-ss24#nosto_cmp
T-shirt,Champion Icons,Soft Cotton Racer Back Top,women,£12.60,https://www.championstore.com/en_gb/soft-cotton-racer-back-top-beige-ss24#nosto_cmp
T-shirt,Champion Icons,C Logo Cropped Polo Shirt,women,£16.80,https://www.championstore.com/en_gb/c-logo-cropped-polo-shirt-black-ss24#nosto_cmp
T-shirt,Champion Icons,C Logo Patch Crewneck T-Shirt,women,£14.00,https://www.championstore.com/en_gb/c-logo-patch-crewneck-t-shirt-beige-ss24#nosto_cmp
T-shirt,Eco Future,Eco Future Oversized T-Shirt,women,£15.00,https://www.championstore.com/en_gb/eco-future-oversized-t-shirt-black-ss24#nosto_cmp
T-shirt,Champion Icons,Big Tonal Logo Relaxed Fit T-Shirt,women,£11.00,https://www.championstore.com/en_gb/big-tonal-logo-relaxed-fit-t-shirt-nautical-blue-ss24#nosto_cmp
T-shirt,Champion Icons,Small Script Logo V-Neck T-Shirt,women,£15.40,https://www.championstore.com/en_gb/small-script-logo-v-neck-t-shirt-pastel-blue-ss24#nosto_cmp
T-shirt,Fashion Lifestyle,NYC Cropped Long-Sleeve T-Shirt,women,£15.00,https://www.championstore.com/en_gb/nyc-cropped-long-sleeve-t-shirt-dark-grey-ss24#nosto_cmp
T-shirt,Champion Icons,Big Tonal Logo Relaxed Fit T-Shirt,women,£11.00,https://www.championstore.com/en_gb/big-tonal-logo-relaxed-fit-t-shirt-white-ss24#nosto_cmp
T-shirt,Champion Icons,Small Tonal Logo Oversized T-Shirt,women,£15.40,https://www.championstore.com/en_gb/small-tonal-logo-oversized-t-shirt-white-ss24#nosto_cmp
T-shirt,Champion Icons,Small Script Logo V-Neck T-Shirt,women,£11.00,https://www.championstore.com/en_gb/small-script-logo-v-neck-t-shirt-white-ss24#nosto_cmp
T-shirt,Champion Icons,Small Script Logo V-Neck T-Shirt,women,£11.00,https://www.championstore.com/en_gb/small-script-logo-v-neck-t-shirt-black-ss24#nosto_cmp
T-shirt,Eco Future,Eco Waist Bow T-Shirt,women,£15.00,https://www.championstore.com/en_gb/eco-waist-bow-t-shirt-cream-ss24#nosto_cmp
T-shirt,Champion Icons,Small Tonal Logo Oversized T-Shirt,women,£15.40,https://www.championstore.com/en_gb/small-tonal-logo-oversized-t-shirt-black-ss24#nosto_cmp
T-shirt,Champion Icons,C Logo Patch Crewneck T-Shirt,women,£14.00,https://www.championstore.com/en_gb/c-logo-patch-crewneck-t-shirt-pink-ss24#nosto_cmp
T-shirt,Eco Future,Eco Future Slim Organic T-Shirt,women,£13.00,https://www.championstore.com/en_gb/eco-future-slim-organic-t-shirt-light-grey-ss24#nosto_cmp
T-shirt,Sport Lifestyle,Cropped Script Logo Cotton T-Shirt,women,£11.00,https://www.championstore.com/en_gb/cropped-script-logo-cotton-t-shirt-white-ss24#nosto_cmp
T-shirt,Eco Future,Eco Waist Bow T-Shirt,women,£15.00,https://www.championstore.com/en_gb/eco-waist-bow-t-shirt-purple-sage-ss24#nosto_cmp
T-shirt,Champion Icons,Big Script Logo Crewneck T-Shirt,women,£11.00,https://www.championstore.com/en_gb/big-script-logo-crewneck-t-shirt-pink-ss24#nosto_cmp
T-shirt,Eco Future,Eco Relaxed Fit T-Shirt,women,£15.00,https://www.championstore.com/en_gb/eco-relaxed-fit-t-shirt-light-grey-ss24#nosto_cmp
T-shirt,Champion Icons,Heart Print Cotton T-Shirt,women,£16.80,https://www.championstore.com/en_gb/heart-print-cotton-t-shirt-honeydew-ss24#nosto_cmp
T-shirt,Champion Icons,C Logo Patch Crewneck T-Shirt,women,£10.00,https://www.championstore.com/en_gb/c-logo-patch-crewneck-t-shirt-white-ss24#nosto_cmp
T-shirt,Champion Icons,Big Tonal Logo Relaxed Fit T-Shirt,women,£11.00,https://www.championstore.com/en_gb/big-tonal-logo-relaxed-fit-t-shirt-black-ss24#nosto_cmp
T-shirt,Champion Icons,Small Script Logo V-Neck T-Shirt,women,£15.40,https://www.championstore.com/en_gb/small-script-logo-v-neck-t-shirt-beige-ss24#nosto_cmp
T-shirt,Champion Icons,C Logo Long Sleeve T-Shirt,women,£13.00,https://www.championstore.com/en_gb/c-logo-long-sleeve-t-shirt-beige-ss24#nosto_cmp
T-shirt,Champion Icons,Soft Cotton Racer Back Top,women,£9.00,https://www.championstore.com/en_gb/soft-cotton-racer-back-top-white-ss24#nosto_cmp
T-shirt,MLB,MLB Boxy Fit T-Shirt,women,£15.00,https://www.championstore.com/en_gb/mlb-boxy-fit-t-shirt-white-ss24#nosto_cmp
T-shirt,MLB,MLB Cotton T-Shirt,women,£15.00,https://www.championstore.com/en_gb/mlb-cotton-t-shirt-dark-pink-ss24#nosto_cmp
T-shirt,Champion Icons,Big Script Logo Crewneck T-Shirt,women,£11.00,https://www.championstore.com/en_gb/big-script-logo-crewneck-t-shirt-honeydew-ss24#nosto_cmp
T-shirt,Champion Icons,C Logo Scoop Neck T-Shirt,women,£12.00,https://www.championstore.com/en_gb/c-logo-scoop-neck-t-shirt-black-ss24#nosto_cmp
T-shirt,Champion Icons,Soft Cotton Racer Back Top,women,£12.60,https://www.championstore.com/en_gb/soft-cotton-racer-back-top-black-ss24#nosto_cmp
T-shirt,Champion Icons,C Logo Patch Crewneck T-Shirt,women,£10.00,https://www.championstore.com/en_gb/c-logo-patch-crewneck-t-shirt-black-ss24#nosto_cmp
T-shirt,Eco Future,Eco Waist Bow T-Shirt,women,£15.00,https://www.championstore.com/en_gb/eco-waist-bow-t-shirt-black-ss24#nosto_cmp
T-shirt,Champion Icons,Big Tonal Logo Relaxed Fit T-Shirt,women,£11.00,https://www.championstore.com/en_gb/big-tonal-logo-relaxed-fit-t-shirt-pink-ss24#nosto_cmp
T-shirt,Champion Icons,Small Script Logo Crewneck T-Shirt,women,£11.00,https://www.championstore.com/en_gb/small-script-logo-crewneck-t-shirt-pastel-blue-ss24#nosto_cmp
T-shirt,Champion Icons,Small Tonal Logo Oversized T-Shirt,women,£15.40,https://www.championstore.com/en_gb/small-tonal-logo-oversized-t-shirt-pink-ss24#nosto_cmp
T-shirt,Sport Lifestyle,Cropped Script Logo Cotton T-Shirt,women,£11.00,https://www.championstore.com/en_gb/cropped-script-logo-cotton-t-shirt-black-ss24#nosto_cmp
T-shirt,Fashion Lifestyle,Washed Manga Graphic T-Shirt,women,£17.50,https://www.championstore.com/en_gb/washed-manga-graphic-t-shirt-beige-ss24#nosto_cmp
T-shirt,Champion Icons,Love Print Oversized T-Shirt,women,£12.00,https://www.championstore.com/en_gb/love-print-oversized-t-shirt-black-ss24#nosto_cmp
T-shirt,MLB,MLB Cotton T-Shirt,women,£15.00,https://www.championstore.com/en_gb/mlb-cotton-t-shirt-black-ss24#nosto_cmp
T-shirt,Champion Icons,Small Script Logo Crewneck T-Shirt,women,£15.40,https://www.championstore.com/en_gb/small-script-logo-crewneck-t-shirt-prairie-sunset-ss24#nosto_cmp
T-shirt,Fashion Lifestyle,Washed Long Sleeve T-Shirt,women,£20.00,https://www.championstore.com/en_gb/washed-long-sleeve-t-shirt-white-ss24#nosto_cmp
T-shirt,Fashion Lifestyle,Washed Long Sleeve T-Shirt,women,£20.00,https://www.championstore.com/en_gb/washed-long-sleeve-t-shirt-black-ss24#nosto_cmp
T-shirt,Champion Icons,C Logo Long Sleeve T-Shirt,women,£13.00,https://www.championstore.com/en_gb/c-logo-long-sleeve-t-shirt-black-ss24#nosto_cmp
T-shirt,Fashion Lifestyle,Washed Long Sleeve T-Shirt,women,£20.00,https://www.championstore.com/en_gb/washed-long-sleeve-t-shirt-beige-ss24#nosto_cmp
T-shirt,Champion Icons,Small Script Logo Crewneck T-Shirt,women,£11.00,https://www.championstore.com/en_gb/small-script-logo-crewneck-t-shirt-beige-ss24#nosto_cmp
T-shirt,Fashion Lifestyle,Washed Manga Graphic T-Shirt,women,£17.50,https://www.championstore.com/en_gb/washed-manga-graphic-t-shirt-white-ss24#nosto_cmp
T-shirt,Fashion Lifestyle,Washed Manga Graphic T-Shirt,women,£17.50,https://www.championstore.com/en_gb/washed-manga-graphic-t-shirt-black-ss24#nosto_cmp
T-shirt,Sport Lifestyle,Boys Sporty Cotton T-Shirt,kids,£14.00,https://www.championstore.com/en_gb/boys-sporty-cotton-t-shirt-nautical-blue-ss24#nosto_cmp
T-shirt,Champion Icons,Boys All-Over Cotton T-Shirt,kids,£14.70,https://www.championstore.com/en_gb/boys-all-over-cotton-t-shirt-white-ss24#nosto_cmp
T-shirt,Sport Lifestyle,Boys NYC Print T-Shirt,kids,£12.60,https://www.championstore.com/en_gb/boys-nyc-print-t-shirt-white-ss24#nosto_cmp
T-shirt,Champion Icons,Boys Cotton Long Sleeve T-Shirt,kids,£14.00,https://www.championstore.com/en_gb/boys-cotton-long-sleeve-t-shirt-dark-blue-ss24#nosto_cmp
T-shirt,Champion Icons,Boys Script Logo Ringer T-Shirt,kids,£12.60,https://www.championstore.com/en_gb/boys-script-logo-ringer-t-shirt-light-grey-ss24#nosto_cmp
T-shirt,Champion Icons,Boys Script Logo Cotton T-Shirt,kids,£12.60,https://www.championstore.com/en_gb/boys-script-logo-cotton-t-shirt-white-ss24#nosto_cmp
T-shirt,Champion Icons,Boys Script Logo Cotton T-Shirt,kids,£12.60,https://www.championstore.com/en_gb/boys-script-logo-cotton-t-shirt-black-ss24#nosto_cmp
T-shirt,Sport Lifestyle,Boys Sporty Cotton T-Shirt,kids,£14.00,https://www.championstore.com/en_gb/boys-sporty-cotton-t-shirt-white-ss24#nosto_cmp
T-shirt,Champion Icons,Boys Script Logo Cotton T-Shirt,kids,£12.60,https://www.championstore.com/en_gb/boys-script-logo-cotton-t-shirt-forest-green-ss24#nosto_cmp
T-shirt,Sport Lifestyle,Boys NYC Print T-Shirt,kids,£12.60,https://www.championstore.com/en_gb/boys-nyc-print-t-shirt-black-ss24#nosto_cmp
T-shirt,Champion Icons,Boys Cotton Long Sleeve T-Shirt,kids,£14.00,https://www.championstore.com/en_gb/boys-cotton-long-sleeve-t-shirt-forest-green-ss24#nosto_cmp
T-shirt,Champion Icons,Boys Script Logo Cotton T-Shirt,kids,£12.60,https://www.championstore.com/en_gb/boys-script-logo-cotton-t-shirt-light-blue-ss24#nosto_cmp
T-shirt,Champion Icons,Boys Tonal Logo T-Shirt,kids,£12.60,https://www.championstore.com/en_gb/boys-tonal-logo-t-shirt-gold-ss24#nosto_cmp
T-shirt,Sport Lifestyle,Boys USA Mesh Tank Top,kids,£15.40,https://www.championstore.com/en_gb/boys-usa-mesh-tank-top-nautical-blue-ss24#nosto_cmp
T-shirt,Champion Icons,Boys Script Logo Cotton T-Shirt,kids,£12.60,https://www.championstore.com/en_gb/boys-script-logo-cotton-t-shirt-nautical-blue-ss24#nosto_cmp
T-shirt,Champion Icons,Boys Script Logo Cotton T-Shirt,kids,£12.60,https://www.championstore.com/en_gb/boys-script-logo-cotton-t-shirt-dark-blue-ss24#nosto_cmp
T-shirt,Champion Icons,Boys Long Sleeve T-Shirt,kids,£14.00,https://www.championstore.com/en_gb/boys-long-sleeve-t-shirt-light-grey-ss24#nosto_cmp
T-shirt,Champion Icons,Boys Script Logo Cotton T-Shirt,kids,£12.60,https://www.championstore.com/en_gb/boys-script-logo-cotton-t-shirt-red-ss24#nosto_cmp
T-shirt,Champion Icons,Boys Script Logo Cotton T-Shirt,kids,£12.60,https://www.championstore.com/en_gb/boys-script-logo-cotton-t-shirt-buttercup-yellow-ss24#nosto_cmp
T-shirt,Champion Icons,Boys Script Logo Cotton T-Shirt,kids,£12.60,https://www.championstore.com/en_gb/boys-script-logo-cotton-t-shirt-honeydew-ss24#nosto_cmp
T-shirt,Sport Lifestyle,Boys Sporty Cotton T-Shirt,kids,£14.00,https://www.championstore.com/en_gb/boys-sporty-cotton-t-shirt-red-ss24#nosto_cmp
T-shirt,Sport Lifestyle,Boys USA Mesh Tank Top,kids,£15.40,https://www.championstore.com/en_gb/boys-usa-mesh-tank-top-buttercup-yellow-ss24#nosto_cmp
T-shirt,Sport Lifestyle,Boys Sporty Cotton T-Shirt,kids,£14.00,https://www.championstore.com/en_gb/boys-sporty-cotton-t-shirt-dark-blue-ss24#nosto_cmp
T-shirt,Sport Lifestyle,Boys USA Logo Cotton T-Shirt,kids,£12.60,https://www.championstore.com/en_gb/boys-usa-logo-cotton-t-shirt-red-ss24#nosto_cmp
T-shirt,Sport Lifestyle,Boys Sporty Cotton T-Shirt,kids,£14.00,https://www.championstore.com/en_gb/boys-sporty-cotton-t-shirt-black-ss24#nosto_cmp
T-shirt,Sport Lifestyle,Boys USA Logo Cotton T-Shirt,kids,£12.60,https://www.championstore.com/en_gb/boys-usa-logo-cotton-t-shirt-nautical-blue-ss24#nosto_cmp
T-shirt,Sport Lifestyle,Boys USA Logo Cotton T-Shirt,kids,£12.60,https://www.championstore.com/en_gb/boys-usa-logo-cotton-t-shirt-buttercup-yellow-ss24#nosto_cmp
T-shirt,Sport Lifestyle,Boys NYC Print T-Shirt,kids,£12.60,https://www.championstore.com/en_gb/boys-nyc-print-t-shirt-light-grey-ss24#nosto_cmp
